lat,long
-37.662298, 144.730412
-37.662298, 144.74175973
-37.662298, 144.75310746
-37.662298, 144.76445519
-37.662298, 144.77580293
-37.662298, 144.78715066
-37.662298, 144.79849839
-37.662298, 144.80984612
-37.662298, 144.82119385
-37.662298, 144.83254158
-37.662298, 144.84388931
-37.662298, 144.85523705
-37.662298, 144.86658478
-37.662298, 144.87793251
-37.662298, 144.88928024
-37.662298, 144.90062797
-37.662298, 144.9119757
-37.662298, 144.92332344
-37.662298, 144.93467117
-37.662298, 144.9460189
-37.662298, 144.95736663
-37.662298, 144.96871436
-37.662298, 144.98006209
-37.662298, 144.99140982
-37.662298, 145.00275756
-37.662298, 145.01410529
-37.662298, 145.02545302
-37.662298, 145.03680075
-37.662298, 145.04814848
-37.662298, 145.05949621
-37.662298, 145.07084394
-37.662298, 145.08219168
-37.662298, 145.09353941
-37.662298, 145.10488714
-37.662298, 145.11623487
-37.662298, 145.1275826
-37.662298, 145.13893033
-37.662298, 145.15027807
-37.662298, 145.1616258
-37.662298, 145.17297353
-37.662298, 145.18432126
-37.662298, 145.19566899
-37.662298, 145.20701672
-37.662298, 145.21836445
-37.662298, 145.22971219
-37.662298, 145.24105992
-37.662298, 145.25240765
-37.662298, 145.26375538
-37.662298, 145.27510311
-37.662298, 145.28645084
-37.662298, 145.29779857
-37.66865002, 144.73608587
-37.66865002, 144.7474336
-37.66865002, 144.75878133
-37.66865002, 144.77012906
-37.66865002, 144.78147679
-37.66865002, 144.79282452
-37.66865002, 144.80417225
-37.66865002, 144.81551999
-37.66865002, 144.82686772
-37.66865002, 144.83821545
-37.66865002, 144.84956318
-37.66865002, 144.86091091
-37.66865002, 144.87225864
-37.66865002, 144.88360638
-37.66865002, 144.89495411
-37.66865002, 144.90630184
-37.66865002, 144.91764957
-37.66865002, 144.9289973
-37.66865002, 144.94034503
-37.66865002, 144.95169276
-37.66865002, 144.9630405
-37.66865002, 144.97438823
-37.66865002, 144.98573596
-37.66865002, 144.99708369
-37.66865002, 145.00843142
-37.66865002, 145.01977915
-37.66865002, 145.03112688
-37.66865002, 145.04247462
-37.66865002, 145.05382235
-37.66865002, 145.06517008
-37.66865002, 145.07651781
-37.66865002, 145.08786554
-37.66865002, 145.09921327
-37.66865002, 145.11056101
-37.66865002, 145.12190874
-37.66865002, 145.13325647
-37.66865002, 145.1446042
-37.66865002, 145.15595193
-37.66865002, 145.16729966
-37.66865002, 145.17864739
-37.66865002, 145.18999513
-37.66865002, 145.20134286
-37.66865002, 145.21269059
-37.66865002, 145.22403832
-37.66865002, 145.23538605
-37.66865002, 145.24673378
-37.66865002, 145.25808151
-37.66865002, 145.26942925
-37.66865002, 145.28077698
-37.66865002, 145.29212471
-37.66865002, 145.30347244
-37.67500204, 144.730412
-37.67500204, 144.74175973
-37.67500204, 144.75310746
-37.67500204, 144.76445519
-37.67500204, 144.77580293
-37.67500204, 144.78715066
-37.67500204, 144.79849839
-37.67500204, 144.80984612
-37.67500204, 144.82119385
-37.67500204, 144.83254158
-37.67500204, 144.84388931
-37.67500204, 144.85523705
-37.67500204, 144.86658478
-37.67500204, 144.87793251
-37.67500204, 144.88928024
-37.67500204, 144.90062797
-37.67500204, 144.9119757
-37.67500204, 144.92332344
-37.67500204, 144.93467117
-37.67500204, 144.9460189
-37.67500204, 144.95736663
-37.67500204, 144.96871436
-37.67500204, 144.98006209
-37.67500204, 144.99140982
-37.67500204, 145.00275756
-37.67500204, 145.01410529
-37.67500204, 145.02545302
-37.67500204, 145.03680075
-37.67500204, 145.04814848
-37.67500204, 145.05949621
-37.67500204, 145.07084394
-37.67500204, 145.08219168
-37.67500204, 145.09353941
-37.67500204, 145.10488714
-37.67500204, 145.11623487
-37.67500204, 145.1275826
-37.67500204, 145.13893033
-37.67500204, 145.15027807
-37.67500204, 145.1616258
-37.67500204, 145.17297353
-37.67500204, 145.18432126
-37.67500204, 145.19566899
-37.67500204, 145.20701672
-37.67500204, 145.21836445
-37.67500204, 145.22971219
-37.67500204, 145.24105992
-37.67500204, 145.25240765
-37.67500204, 145.26375538
-37.67500204, 145.27510311
-37.67500204, 145.28645084
-37.67500204, 145.29779857
-37.68135406, 144.73608587
-37.68135406, 144.7474336
-37.68135406, 144.75878133
-37.68135406, 144.77012906
-37.68135406, 144.78147679
-37.68135406, 144.79282452
-37.68135406, 144.80417225
-37.68135406, 144.81551999
-37.68135406, 144.82686772
-37.68135406, 144.83821545
-37.68135406, 144.84956318
-37.68135406, 144.86091091
-37.68135406, 144.87225864
-37.68135406, 144.88360638
-37.68135406, 144.89495411
-37.68135406, 144.90630184
-37.68135406, 144.91764957
-37.68135406, 144.9289973
-37.68135406, 144.94034503
-37.68135406, 144.95169276
-37.68135406, 144.9630405
-37.68135406, 144.97438823
-37.68135406, 144.98573596
-37.68135406, 144.99708369
-37.68135406, 145.00843142
-37.68135406, 145.01977915
-37.68135406, 145.03112688
-37.68135406, 145.04247462
-37.68135406, 145.05382235
-37.68135406, 145.06517008
-37.68135406, 145.07651781
-37.68135406, 145.08786554
-37.68135406, 145.09921327
-37.68135406, 145.11056101
-37.68135406, 145.12190874
-37.68135406, 145.13325647
-37.68135406, 145.1446042
-37.68135406, 145.15595193
-37.68135406, 145.16729966
-37.68135406, 145.17864739
-37.68135406, 145.18999513
-37.68135406, 145.20134286
-37.68135406, 145.21269059
-37.68135406, 145.22403832
-37.68135406, 145.23538605
-37.68135406, 145.24673378
-37.68135406, 145.25808151
-37.68135406, 145.26942925
-37.68135406, 145.28077698
-37.68135406, 145.29212471
-37.68135406, 145.30347244
-37.68770608, 144.730412
-37.68770608, 144.74175973
-37.68770608, 144.75310746
-37.68770608, 144.76445519
-37.68770608, 144.77580293
-37.68770608, 144.78715066
-37.68770608, 144.79849839
-37.68770608, 144.80984612
-37.68770608, 144.82119385
-37.68770608, 144.83254158
-37.68770608, 144.84388931
-37.68770608, 144.85523705
-37.68770608, 144.86658478
-37.68770608, 144.87793251
-37.68770608, 144.88928024
-37.68770608, 144.90062797
-37.68770608, 144.9119757
-37.68770608, 144.92332344
-37.68770608, 144.93467117
-37.68770608, 144.9460189
-37.68770608, 144.95736663
-37.68770608, 144.96871436
-37.68770608, 144.98006209
-37.68770608, 144.99140982
-37.68770608, 145.00275756
-37.68770608, 145.01410529
-37.68770608, 145.02545302
-37.68770608, 145.03680075
-37.68770608, 145.04814848
-37.68770608, 145.05949621
-37.68770608, 145.07084394
-37.68770608, 145.08219168
-37.68770608, 145.09353941
-37.68770608, 145.10488714
-37.68770608, 145.11623487
-37.68770608, 145.1275826
-37.68770608, 145.13893033
-37.68770608, 145.15027807
-37.68770608, 145.1616258
-37.68770608, 145.17297353
-37.68770608, 145.18432126
-37.68770608, 145.19566899
-37.68770608, 145.20701672
-37.68770608, 145.21836445
-37.68770608, 145.22971219
-37.68770608, 145.24105992
-37.68770608, 145.25240765
-37.68770608, 145.26375538
-37.68770608, 145.27510311
-37.68770608, 145.28645084
-37.68770608, 145.29779857
-37.6940581, 144.73608587
-37.6940581, 144.7474336
-37.6940581, 144.75878133
-37.6940581, 144.77012906
-37.6940581, 144.78147679
-37.6940581, 144.79282452
-37.6940581, 144.80417225
-37.6940581, 144.81551999
-37.6940581, 144.82686772
-37.6940581, 144.83821545
-37.6940581, 144.84956318
-37.6940581, 144.86091091
-37.6940581, 144.87225864
-37.6940581, 144.88360638
-37.6940581, 144.89495411
-37.6940581, 144.90630184
-37.6940581, 144.91764957
-37.6940581, 144.9289973
-37.6940581, 144.94034503
-37.6940581, 144.95169276
-37.6940581, 144.9630405
-37.6940581, 144.97438823
-37.6940581, 144.98573596
-37.6940581, 144.99708369
-37.6940581, 145.00843142
-37.6940581, 145.01977915
-37.6940581, 145.03112688
-37.6940581, 145.04247462
-37.6940581, 145.05382235
-37.6940581, 145.06517008
-37.6940581, 145.07651781
-37.6940581, 145.08786554
-37.6940581, 145.09921327
-37.6940581, 145.11056101
-37.6940581, 145.12190874
-37.6940581, 145.13325647
-37.6940581, 145.1446042
-37.6940581, 145.15595193
-37.6940581, 145.16729966
-37.6940581, 145.17864739
-37.6940581, 145.18999513
-37.6940581, 145.20134286
-37.6940581, 145.21269059
-37.6940581, 145.22403832
-37.6940581, 145.23538605
-37.6940581, 145.24673378
-37.6940581, 145.25808151
-37.6940581, 145.26942925
-37.6940581, 145.28077698
-37.6940581, 145.29212471
-37.6940581, 145.30347244
-37.70041012, 144.730412
-37.70041012, 144.74175973
-37.70041012, 144.75310746
-37.70041012, 144.76445519
-37.70041012, 144.77580293
-37.70041012, 144.78715066
-37.70041012, 144.79849839
-37.70041012, 144.80984612
-37.70041012, 144.82119385
-37.70041012, 144.83254158
-37.70041012, 144.84388931
-37.70041012, 144.85523705
-37.70041012, 144.86658478
-37.70041012, 144.87793251
-37.70041012, 144.88928024
-37.70041012, 144.90062797
-37.70041012, 144.9119757
-37.70041012, 144.92332344
-37.70041012, 144.93467117
-37.70041012, 144.9460189
-37.70041012, 144.95736663
-37.70041012, 144.96871436
-37.70041012, 144.98006209
-37.70041012, 144.99140982
-37.70041012, 145.00275756
-37.70041012, 145.01410529
-37.70041012, 145.02545302
-37.70041012, 145.03680075
-37.70041012, 145.04814848
-37.70041012, 145.05949621
-37.70041012, 145.07084394
-37.70041012, 145.08219168
-37.70041012, 145.09353941
-37.70041012, 145.10488714
-37.70041012, 145.11623487
-37.70041012, 145.1275826
-37.70041012, 145.13893033
-37.70041012, 145.15027807
-37.70041012, 145.1616258
-37.70041012, 145.17297353
-37.70041012, 145.18432126
-37.70041012, 145.19566899
-37.70041012, 145.20701672
-37.70041012, 145.21836445
-37.70041012, 145.22971219
-37.70041012, 145.24105992
-37.70041012, 145.25240765
-37.70041012, 145.26375538
-37.70041012, 145.27510311
-37.70041012, 145.28645084
-37.70041012, 145.29779857
-37.70676213, 144.73608587
-37.70676213, 144.7474336
-37.70676213, 144.75878133
-37.70676213, 144.77012906
-37.70676213, 144.78147679
-37.70676213, 144.79282452
-37.70676213, 144.80417225
-37.70676213, 144.81551999
-37.70676213, 144.82686772
-37.70676213, 144.83821545
-37.70676213, 144.84956318
-37.70676213, 144.86091091
-37.70676213, 144.87225864
-37.70676213, 144.88360638
-37.70676213, 144.89495411
-37.70676213, 144.90630184
-37.70676213, 144.91764957
-37.70676213, 144.9289973
-37.70676213, 144.94034503
-37.70676213, 144.95169276
-37.70676213, 144.9630405
-37.70676213, 144.97438823
-37.70676213, 144.98573596
-37.70676213, 144.99708369
-37.70676213, 145.00843142
-37.70676213, 145.01977915
-37.70676213, 145.03112688
-37.70676213, 145.04247462
-37.70676213, 145.05382235
-37.70676213, 145.06517008
-37.70676213, 145.07651781
-37.70676213, 145.08786554
-37.70676213, 145.09921327
-37.70676213, 145.11056101
-37.70676213, 145.12190874
-37.70676213, 145.13325647
-37.70676213, 145.1446042
-37.70676213, 145.15595193
-37.70676213, 145.16729966
-37.70676213, 145.17864739
-37.70676213, 145.18999513
-37.70676213, 145.20134286
-37.70676213, 145.21269059
-37.70676213, 145.22403832
-37.70676213, 145.23538605
-37.70676213, 145.24673378
-37.70676213, 145.25808151
-37.70676213, 145.26942925
-37.70676213, 145.28077698
-37.70676213, 145.29212471
-37.70676213, 145.30347244
-37.71311415, 144.730412
-37.71311415, 144.74175973
-37.71311415, 144.75310746
-37.71311415, 144.76445519
-37.71311415, 144.77580293
-37.71311415, 144.78715066
-37.71311415, 144.79849839
-37.71311415, 144.80984612
-37.71311415, 144.82119385
-37.71311415, 144.83254158
-37.71311415, 144.84388931
-37.71311415, 144.85523705
-37.71311415, 144.86658478
-37.71311415, 144.87793251
-37.71311415, 144.88928024
-37.71311415, 144.90062797
-37.71311415, 144.9119757
-37.71311415, 144.92332344
-37.71311415, 144.93467117
-37.71311415, 144.9460189
-37.71311415, 144.95736663
-37.71311415, 144.96871436
-37.71311415, 144.98006209
-37.71311415, 144.99140982
-37.71311415, 145.00275756
-37.71311415, 145.01410529
-37.71311415, 145.02545302
-37.71311415, 145.03680075
-37.71311415, 145.04814848
-37.71311415, 145.05949621
-37.71311415, 145.07084394
-37.71311415, 145.08219168
-37.71311415, 145.09353941
-37.71311415, 145.10488714
-37.71311415, 145.11623487
-37.71311415, 145.1275826
-37.71311415, 145.13893033
-37.71311415, 145.15027807
-37.71311415, 145.1616258
-37.71311415, 145.17297353
-37.71311415, 145.18432126
-37.71311415, 145.19566899
-37.71311415, 145.20701672
-37.71311415, 145.21836445
-37.71311415, 145.22971219
-37.71311415, 145.24105992
-37.71311415, 145.25240765
-37.71311415, 145.26375538
-37.71311415, 145.27510311
-37.71311415, 145.28645084
-37.71311415, 145.29779857
-37.71946617, 144.73608587
-37.71946617, 144.7474336
-37.71946617, 144.75878133
-37.71946617, 144.77012906
-37.71946617, 144.78147679
-37.71946617, 144.79282452
-37.71946617, 144.80417225
-37.71946617, 144.81551999
-37.71946617, 144.82686772
-37.71946617, 144.83821545
-37.71946617, 144.84956318
-37.71946617, 144.86091091
-37.71946617, 144.87225864
-37.71946617, 144.88360638
-37.71946617, 144.89495411
-37.71946617, 144.90630184
-37.71946617, 144.91764957
-37.71946617, 144.9289973
-37.71946617, 144.94034503
-37.71946617, 144.95169276
-37.71946617, 144.9630405
-37.71946617, 144.97438823
-37.71946617, 144.98573596
-37.71946617, 144.99708369
-37.71946617, 145.00843142
-37.71946617, 145.01977915
-37.71946617, 145.03112688
-37.71946617, 145.04247462
-37.71946617, 145.05382235
-37.71946617, 145.06517008
-37.71946617, 145.07651781
-37.71946617, 145.08786554
-37.71946617, 145.09921327
-37.71946617, 145.11056101
-37.71946617, 145.12190874
-37.71946617, 145.13325647
-37.71946617, 145.1446042
-37.71946617, 145.15595193
-37.71946617, 145.16729966
-37.71946617, 145.17864739
-37.71946617, 145.18999513
-37.71946617, 145.20134286
-37.71946617, 145.21269059
-37.71946617, 145.22403832
-37.71946617, 145.23538605
-37.71946617, 145.24673378
-37.71946617, 145.25808151
-37.71946617, 145.26942925
-37.71946617, 145.28077698
-37.71946617, 145.29212471
-37.71946617, 145.30347244
-37.72581819, 144.730412
-37.72581819, 144.74175973
-37.72581819, 144.75310746
-37.72581819, 144.76445519
-37.72581819, 144.77580293
-37.72581819, 144.78715066
-37.72581819, 144.79849839
-37.72581819, 144.80984612
-37.72581819, 144.82119385
-37.72581819, 144.83254158
-37.72581819, 144.84388931
-37.72581819, 144.85523705
-37.72581819, 144.86658478
-37.72581819, 144.87793251
-37.72581819, 144.88928024
-37.72581819, 144.90062797
-37.72581819, 144.9119757
-37.72581819, 144.92332344
-37.72581819, 144.93467117
-37.72581819, 144.9460189
-37.72581819, 144.95736663
-37.72581819, 144.96871436
-37.72581819, 144.98006209
-37.72581819, 144.99140982
-37.72581819, 145.00275756
-37.72581819, 145.01410529
-37.72581819, 145.02545302
-37.72581819, 145.03680075
-37.72581819, 145.04814848
-37.72581819, 145.05949621
-37.72581819, 145.07084394
-37.72581819, 145.08219168
-37.72581819, 145.09353941
-37.72581819, 145.10488714
-37.72581819, 145.11623487
-37.72581819, 145.1275826
-37.72581819, 145.13893033
-37.72581819, 145.15027807
-37.72581819, 145.1616258
-37.72581819, 145.17297353
-37.72581819, 145.18432126
-37.72581819, 145.19566899
-37.72581819, 145.20701672
-37.72581819, 145.21836445
-37.72581819, 145.22971219
-37.72581819, 145.24105992
-37.72581819, 145.25240765
-37.72581819, 145.26375538
-37.72581819, 145.27510311
-37.72581819, 145.28645084
-37.72581819, 145.29779857
-37.73217021, 144.73608587
-37.73217021, 144.7474336
-37.73217021, 144.75878133
-37.73217021, 144.77012906
-37.73217021, 144.78147679
-37.73217021, 144.79282452
-37.73217021, 144.80417225
-37.73217021, 144.81551999
-37.73217021, 144.82686772
-37.73217021, 144.83821545
-37.73217021, 144.84956318
-37.73217021, 144.86091091
-37.73217021, 144.87225864
-37.73217021, 144.88360638
-37.73217021, 144.89495411
-37.73217021, 144.90630184
-37.73217021, 144.91764957
-37.73217021, 144.9289973
-37.73217021, 144.94034503
-37.73217021, 144.95169276
-37.73217021, 144.9630405
-37.73217021, 144.97438823
-37.73217021, 144.98573596
-37.73217021, 144.99708369
-37.73217021, 145.00843142
-37.73217021, 145.01977915
-37.73217021, 145.03112688
-37.73217021, 145.04247462
-37.73217021, 145.05382235
-37.73217021, 145.06517008
-37.73217021, 145.07651781
-37.73217021, 145.08786554
-37.73217021, 145.09921327
-37.73217021, 145.11056101
-37.73217021, 145.12190874
-37.73217021, 145.13325647
-37.73217021, 145.1446042
-37.73217021, 145.15595193
-37.73217021, 145.16729966
-37.73217021, 145.17864739
-37.73217021, 145.18999513
-37.73217021, 145.20134286
-37.73217021, 145.21269059
-37.73217021, 145.22403832
-37.73217021, 145.23538605
-37.73217021, 145.24673378
-37.73217021, 145.25808151
-37.73217021, 145.26942925
-37.73217021, 145.28077698
-37.73217021, 145.29212471
-37.73217021, 145.30347244
-37.73852223, 144.730412
-37.73852223, 144.74175973
-37.73852223, 144.75310746
-37.73852223, 144.76445519
-37.73852223, 144.77580293
-37.73852223, 144.78715066
-37.73852223, 144.79849839
-37.73852223, 144.80984612
-37.73852223, 144.82119385
-37.73852223, 144.83254158
-37.73852223, 144.84388931
-37.73852223, 144.85523705
-37.73852223, 144.86658478
-37.73852223, 144.87793251
-37.73852223, 144.88928024
-37.73852223, 144.90062797
-37.73852223, 144.9119757
-37.73852223, 144.92332344
-37.73852223, 144.93467117
-37.73852223, 144.9460189
-37.73852223, 144.95736663
-37.73852223, 144.96871436
-37.73852223, 144.98006209
-37.73852223, 144.99140982
-37.73852223, 145.00275756
-37.73852223, 145.01410529
-37.73852223, 145.02545302
-37.73852223, 145.03680075
-37.73852223, 145.04814848
-37.73852223, 145.05949621
-37.73852223, 145.07084394
-37.73852223, 145.08219168
-37.73852223, 145.09353941
-37.73852223, 145.10488714
-37.73852223, 145.11623487
-37.73852223, 145.1275826
-37.73852223, 145.13893033
-37.73852223, 145.15027807
-37.73852223, 145.1616258
-37.73852223, 145.17297353
-37.73852223, 145.18432126
-37.73852223, 145.19566899
-37.73852223, 145.20701672
-37.73852223, 145.21836445
-37.73852223, 145.22971219
-37.73852223, 145.24105992
-37.73852223, 145.25240765
-37.73852223, 145.26375538
-37.73852223, 145.27510311
-37.73852223, 145.28645084
-37.73852223, 145.29779857
-37.74487425, 144.73608587
-37.74487425, 144.7474336
-37.74487425, 144.75878133
-37.74487425, 144.77012906
-37.74487425, 144.78147679
-37.74487425, 144.79282452
-37.74487425, 144.80417225
-37.74487425, 144.81551999
-37.74487425, 144.82686772
-37.74487425, 144.83821545
-37.74487425, 144.84956318
-37.74487425, 144.86091091
-37.74487425, 144.87225864
-37.74487425, 144.88360638
-37.74487425, 144.89495411
-37.74487425, 144.90630184
-37.74487425, 144.91764957
-37.74487425, 144.9289973
-37.74487425, 144.94034503
-37.74487425, 144.95169276
-37.74487425, 144.9630405
-37.74487425, 144.97438823
-37.74487425, 144.98573596
-37.74487425, 144.99708369
-37.74487425, 145.00843142
-37.74487425, 145.01977915
-37.74487425, 145.03112688
-37.74487425, 145.04247462
-37.74487425, 145.05382235
-37.74487425, 145.06517008
-37.74487425, 145.07651781
-37.74487425, 145.08786554
-37.74487425, 145.09921327
-37.74487425, 145.11056101
-37.74487425, 145.12190874
-37.74487425, 145.13325647
-37.74487425, 145.1446042
-37.74487425, 145.15595193
-37.74487425, 145.16729966
-37.74487425, 145.17864739
-37.74487425, 145.18999513
-37.74487425, 145.20134286
-37.74487425, 145.21269059
-37.74487425, 145.22403832
-37.74487425, 145.23538605
-37.74487425, 145.24673378
-37.74487425, 145.25808151
-37.74487425, 145.26942925
-37.74487425, 145.28077698
-37.74487425, 145.29212471
-37.74487425, 145.30347244
-37.75122627, 144.730412
-37.75122627, 144.74175973
-37.75122627, 144.75310746
-37.75122627, 144.76445519
-37.75122627, 144.77580293
-37.75122627, 144.78715066
-37.75122627, 144.79849839
-37.75122627, 144.80984612
-37.75122627, 144.82119385
-37.75122627, 144.83254158
-37.75122627, 144.84388931
-37.75122627, 144.85523705
-37.75122627, 144.86658478
-37.75122627, 144.87793251
-37.75122627, 144.88928024
-37.75122627, 144.90062797
-37.75122627, 144.9119757
-37.75122627, 144.92332344
-37.75122627, 144.93467117
-37.75122627, 144.9460189
-37.75122627, 144.95736663
-37.75122627, 144.96871436
-37.75122627, 144.98006209
-37.75122627, 144.99140982
-37.75122627, 145.00275756
-37.75122627, 145.01410529
-37.75122627, 145.02545302
-37.75122627, 145.03680075
-37.75122627, 145.04814848
-37.75122627, 145.05949621
-37.75122627, 145.07084394
-37.75122627, 145.08219168
-37.75122627, 145.09353941
-37.75122627, 145.10488714
-37.75122627, 145.11623487
-37.75122627, 145.1275826
-37.75122627, 145.13893033
-37.75122627, 145.15027807
-37.75122627, 145.1616258
-37.75122627, 145.17297353
-37.75122627, 145.18432126
-37.75122627, 145.19566899
-37.75122627, 145.20701672
-37.75122627, 145.21836445
-37.75122627, 145.22971219
-37.75122627, 145.24105992
-37.75122627, 145.25240765
-37.75122627, 145.26375538
-37.75122627, 145.27510311
-37.75122627, 145.28645084
-37.75122627, 145.29779857
-37.75757829, 144.73608587
-37.75757829, 144.7474336
-37.75757829, 144.75878133
-37.75757829, 144.77012906
-37.75757829, 144.78147679
-37.75757829, 144.79282452
-37.75757829, 144.80417225
-37.75757829, 144.81551999
-37.75757829, 144.82686772
-37.75757829, 144.83821545
-37.75757829, 144.84956318
-37.75757829, 144.86091091
-37.75757829, 144.87225864
-37.75757829, 144.88360638
-37.75757829, 144.89495411
-37.75757829, 144.90630184
-37.75757829, 144.91764957
-37.75757829, 144.9289973
-37.75757829, 144.94034503
-37.75757829, 144.95169276
-37.75757829, 144.9630405
-37.75757829, 144.97438823
-37.75757829, 144.98573596
-37.75757829, 144.99708369
-37.75757829, 145.00843142
-37.75757829, 145.01977915
-37.75757829, 145.03112688
-37.75757829, 145.04247462
-37.75757829, 145.05382235
-37.75757829, 145.06517008
-37.75757829, 145.07651781
-37.75757829, 145.08786554
-37.75757829, 145.09921327
-37.75757829, 145.11056101
-37.75757829, 145.12190874
-37.75757829, 145.13325647
-37.75757829, 145.1446042
-37.75757829, 145.15595193
-37.75757829, 145.16729966
-37.75757829, 145.17864739
-37.75757829, 145.18999513
-37.75757829, 145.20134286
-37.75757829, 145.21269059
-37.75757829, 145.22403832
-37.75757829, 145.23538605
-37.75757829, 145.24673378
-37.75757829, 145.25808151
-37.75757829, 145.26942925
-37.75757829, 145.28077698
-37.75757829, 145.29212471
-37.75757829, 145.30347244
-37.76393031, 144.730412
-37.76393031, 144.74175973
-37.76393031, 144.75310746
-37.76393031, 144.76445519
-37.76393031, 144.77580293
-37.76393031, 144.78715066
-37.76393031, 144.79849839
-37.76393031, 144.80984612
-37.76393031, 144.82119385
-37.76393031, 144.83254158
-37.76393031, 144.84388931
-37.76393031, 144.85523705
-37.76393031, 144.86658478
-37.76393031, 144.87793251
-37.76393031, 144.88928024
-37.76393031, 144.90062797
-37.76393031, 144.9119757
-37.76393031, 144.92332344
-37.76393031, 144.93467117
-37.76393031, 144.9460189
-37.76393031, 144.95736663
-37.76393031, 144.96871436
-37.76393031, 144.98006209
-37.76393031, 144.99140982
-37.76393031, 145.00275756
-37.76393031, 145.01410529
-37.76393031, 145.02545302
-37.76393031, 145.03680075
-37.76393031, 145.04814848
-37.76393031, 145.05949621
-37.76393031, 145.07084394
-37.76393031, 145.08219168
-37.76393031, 145.09353941
-37.76393031, 145.10488714
-37.76393031, 145.11623487
-37.76393031, 145.1275826
-37.76393031, 145.13893033
-37.76393031, 145.15027807
-37.76393031, 145.1616258
-37.76393031, 145.17297353
-37.76393031, 145.18432126
-37.76393031, 145.19566899
-37.76393031, 145.20701672
-37.76393031, 145.21836445
-37.76393031, 145.22971219
-37.76393031, 145.24105992
-37.76393031, 145.25240765
-37.76393031, 145.26375538
-37.76393031, 145.27510311
-37.76393031, 145.28645084
-37.76393031, 145.29779857
-37.77028233, 144.73608587
-37.77028233, 144.7474336
-37.77028233, 144.75878133
-37.77028233, 144.77012906
-37.77028233, 144.78147679
-37.77028233, 144.79282452
-37.77028233, 144.80417225
-37.77028233, 144.81551999
-37.77028233, 144.82686772
-37.77028233, 144.83821545
-37.77028233, 144.84956318
-37.77028233, 144.86091091
-37.77028233, 144.87225864
-37.77028233, 144.88360638
-37.77028233, 144.89495411
-37.77028233, 144.90630184
-37.77028233, 144.91764957
-37.77028233, 144.9289973
-37.77028233, 144.94034503
-37.77028233, 144.95169276
-37.77028233, 144.9630405
-37.77028233, 144.97438823
-37.77028233, 144.98573596
-37.77028233, 144.99708369
-37.77028233, 145.00843142
-37.77028233, 145.01977915
-37.77028233, 145.03112688
-37.77028233, 145.04247462
-37.77028233, 145.05382235
-37.77028233, 145.06517008
-37.77028233, 145.07651781
-37.77028233, 145.08786554
-37.77028233, 145.09921327
-37.77028233, 145.11056101
-37.77028233, 145.12190874
-37.77028233, 145.13325647
-37.77028233, 145.1446042
-37.77028233, 145.15595193
-37.77028233, 145.16729966
-37.77028233, 145.17864739
-37.77028233, 145.18999513
-37.77028233, 145.20134286
-37.77028233, 145.21269059
-37.77028233, 145.22403832
-37.77028233, 145.23538605
-37.77028233, 145.24673378
-37.77028233, 145.25808151
-37.77028233, 145.26942925
-37.77028233, 145.28077698
-37.77028233, 145.29212471
-37.77028233, 145.30347244
-37.77663435, 144.730412
-37.77663435, 144.74175973
-37.77663435, 144.75310746
-37.77663435, 144.76445519
-37.77663435, 144.77580293
-37.77663435, 144.78715066
-37.77663435, 144.79849839
-37.77663435, 144.80984612
-37.77663435, 144.82119385
-37.77663435, 144.83254158
-37.77663435, 144.84388931
-37.77663435, 144.85523705
-37.77663435, 144.86658478
-37.77663435, 144.87793251
-37.77663435, 144.88928024
-37.77663435, 144.90062797
-37.77663435, 144.9119757
-37.77663435, 144.92332344
-37.77663435, 144.93467117
-37.77663435, 144.9460189
-37.77663435, 144.95736663
-37.77663435, 144.96871436
-37.77663435, 144.98006209
-37.77663435, 144.99140982
-37.77663435, 145.00275756
-37.77663435, 145.01410529
-37.77663435, 145.02545302
-37.77663435, 145.03680075
-37.77663435, 145.04814848
-37.77663435, 145.05949621
-37.77663435, 145.07084394
-37.77663435, 145.08219168
-37.77663435, 145.09353941
-37.77663435, 145.10488714
-37.77663435, 145.11623487
-37.77663435, 145.1275826
-37.77663435, 145.13893033
-37.77663435, 145.15027807
-37.77663435, 145.1616258
-37.77663435, 145.17297353
-37.77663435, 145.18432126
-37.77663435, 145.19566899
-37.77663435, 145.20701672
-37.77663435, 145.21836445
-37.77663435, 145.22971219
-37.77663435, 145.24105992
-37.77663435, 145.25240765
-37.77663435, 145.26375538
-37.77663435, 145.27510311
-37.77663435, 145.28645084
-37.77663435, 145.29779857
-37.78298637, 144.73608587
-37.78298637, 144.7474336
-37.78298637, 144.75878133
-37.78298637, 144.77012906
-37.78298637, 144.78147679
-37.78298637, 144.79282452
-37.78298637, 144.80417225
-37.78298637, 144.81551999
-37.78298637, 144.82686772
-37.78298637, 144.83821545
-37.78298637, 144.84956318
-37.78298637, 144.86091091
-37.78298637, 144.87225864
-37.78298637, 144.88360638
-37.78298637, 144.89495411
-37.78298637, 144.90630184
-37.78298637, 144.91764957
-37.78298637, 144.9289973
-37.78298637, 144.94034503
-37.78298637, 144.95169276
-37.78298637, 144.9630405
-37.78298637, 144.97438823
-37.78298637, 144.98573596
-37.78298637, 144.99708369
-37.78298637, 145.00843142
-37.78298637, 145.01977915
-37.78298637, 145.03112688
-37.78298637, 145.04247462
-37.78298637, 145.05382235
-37.78298637, 145.06517008
-37.78298637, 145.07651781
-37.78298637, 145.08786554
-37.78298637, 145.09921327
-37.78298637, 145.11056101
-37.78298637, 145.12190874
-37.78298637, 145.13325647
-37.78298637, 145.1446042
-37.78298637, 145.15595193
-37.78298637, 145.16729966
-37.78298637, 145.17864739
-37.78298637, 145.18999513
-37.78298637, 145.20134286
-37.78298637, 145.21269059
-37.78298637, 145.22403832
-37.78298637, 145.23538605
-37.78298637, 145.24673378
-37.78298637, 145.25808151
-37.78298637, 145.26942925
-37.78298637, 145.28077698
-37.78298637, 145.29212471
-37.78298637, 145.30347244
-37.78933838, 144.730412
-37.78933838, 144.74175973
-37.78933838, 144.75310746
-37.78933838, 144.76445519
-37.78933838, 144.77580293
-37.78933838, 144.78715066
-37.78933838, 144.79849839
-37.78933838, 144.80984612
-37.78933838, 144.82119385
-37.78933838, 144.83254158
-37.78933838, 144.84388931
-37.78933838, 144.85523705
-37.78933838, 144.86658478
-37.78933838, 144.87793251
-37.78933838, 144.88928024
-37.78933838, 144.90062797
-37.78933838, 144.9119757
-37.78933838, 144.92332344
-37.78933838, 144.93467117
-37.78933838, 144.9460189
-37.78933838, 144.95736663
-37.78933838, 144.96871436
-37.78933838, 144.98006209
-37.78933838, 144.99140982
-37.78933838, 145.00275756
-37.78933838, 145.01410529
-37.78933838, 145.02545302
-37.78933838, 145.03680075
-37.78933838, 145.04814848
-37.78933838, 145.05949621
-37.78933838, 145.07084394
-37.78933838, 145.08219168
-37.78933838, 145.09353941
-37.78933838, 145.10488714
-37.78933838, 145.11623487
-37.78933838, 145.1275826
-37.78933838, 145.13893033
-37.78933838, 145.15027807
-37.78933838, 145.1616258
-37.78933838, 145.17297353
-37.78933838, 145.18432126
-37.78933838, 145.19566899
-37.78933838, 145.20701672
-37.78933838, 145.21836445
-37.78933838, 145.22971219
-37.78933838, 145.24105992
-37.78933838, 145.25240765
-37.78933838, 145.26375538
-37.78933838, 145.27510311
-37.78933838, 145.28645084
-37.78933838, 145.29779857
-37.7956904, 144.73608587
-37.7956904, 144.7474336
-37.7956904, 144.75878133
-37.7956904, 144.77012906
-37.7956904, 144.78147679
-37.7956904, 144.79282452
-37.7956904, 144.80417225
-37.7956904, 144.81551999
-37.7956904, 144.82686772
-37.7956904, 144.83821545
-37.7956904, 144.84956318
-37.7956904, 144.86091091
-37.7956904, 144.87225864
-37.7956904, 144.88360638
-37.7956904, 144.89495411
-37.7956904, 144.90630184
-37.7956904, 144.91764957
-37.7956904, 144.9289973
-37.7956904, 144.94034503
-37.7956904, 144.95169276
-37.7956904, 144.9630405
-37.7956904, 144.97438823
-37.7956904, 144.98573596
-37.7956904, 144.99708369
-37.7956904, 145.00843142
-37.7956904, 145.01977915
-37.7956904, 145.03112688
-37.7956904, 145.04247462
-37.7956904, 145.05382235
-37.7956904, 145.06517008
-37.7956904, 145.07651781
-37.7956904, 145.08786554
-37.7956904, 145.09921327
-37.7956904, 145.11056101
-37.7956904, 145.12190874
-37.7956904, 145.13325647
-37.7956904, 145.1446042
-37.7956904, 145.15595193
-37.7956904, 145.16729966
-37.7956904, 145.17864739
-37.7956904, 145.18999513
-37.7956904, 145.20134286
-37.7956904, 145.21269059
-37.7956904, 145.22403832
-37.7956904, 145.23538605
-37.7956904, 145.24673378
-37.7956904, 145.25808151
-37.7956904, 145.26942925
-37.7956904, 145.28077698
-37.7956904, 145.29212471
-37.7956904, 145.30347244
-37.80204242, 144.730412
-37.80204242, 144.74175973
-37.80204242, 144.75310746
-37.80204242, 144.76445519
-37.80204242, 144.77580293
-37.80204242, 144.78715066
-37.80204242, 144.79849839
-37.80204242, 144.80984612
-37.80204242, 144.82119385
-37.80204242, 144.83254158
-37.80204242, 144.84388931
-37.80204242, 144.85523705
-37.80204242, 144.86658478
-37.80204242, 144.87793251
-37.80204242, 144.88928024
-37.80204242, 144.90062797
-37.80204242, 144.9119757
-37.80204242, 144.92332344
-37.80204242, 144.93467117
-37.80204242, 144.9460189
-37.80204242, 144.95736663
-37.80204242, 144.96871436
-37.80204242, 144.98006209
-37.80204242, 144.99140982
-37.80204242, 145.00275756
-37.80204242, 145.01410529
-37.80204242, 145.02545302
-37.80204242, 145.03680075
-37.80204242, 145.04814848
-37.80204242, 145.05949621
-37.80204242, 145.07084394
-37.80204242, 145.08219168
-37.80204242, 145.09353941
-37.80204242, 145.10488714
-37.80204242, 145.11623487
-37.80204242, 145.1275826
-37.80204242, 145.13893033
-37.80204242, 145.15027807
-37.80204242, 145.1616258
-37.80204242, 145.17297353
-37.80204242, 145.18432126
-37.80204242, 145.19566899
-37.80204242, 145.20701672
-37.80204242, 145.21836445
-37.80204242, 145.22971219
-37.80204242, 145.24105992
-37.80204242, 145.25240765
-37.80204242, 145.26375538
-37.80204242, 145.27510311
-37.80204242, 145.28645084
-37.80204242, 145.29779857
-37.80839444, 144.73608587
-37.80839444, 144.7474336
-37.80839444, 144.75878133
-37.80839444, 144.77012906
-37.80839444, 144.78147679
-37.80839444, 144.79282452
-37.80839444, 144.80417225
-37.80839444, 144.81551999
-37.80839444, 144.82686772
-37.80839444, 144.83821545
-37.80839444, 144.84956318
-37.80839444, 144.86091091
-37.80839444, 144.87225864
-37.80839444, 144.88360638
-37.80839444, 144.89495411
-37.80839444, 144.90630184
-37.80839444, 144.91764957
-37.80839444, 144.9289973
-37.80839444, 144.94034503
-37.80839444, 144.95169276
-37.80839444, 144.9630405
-37.80839444, 144.97438823
-37.80839444, 144.98573596
-37.80839444, 144.99708369
-37.80839444, 145.00843142
-37.80839444, 145.01977915
-37.80839444, 145.03112688
-37.80839444, 145.04247462
-37.80839444, 145.05382235
-37.80839444, 145.06517008
-37.80839444, 145.07651781
-37.80839444, 145.08786554
-37.80839444, 145.09921327
-37.80839444, 145.11056101
-37.80839444, 145.12190874
-37.80839444, 145.13325647
-37.80839444, 145.1446042
-37.80839444, 145.15595193
-37.80839444, 145.16729966
-37.80839444, 145.17864739
-37.80839444, 145.18999513
-37.80839444, 145.20134286
-37.80839444, 145.21269059
-37.80839444, 145.22403832
-37.80839444, 145.23538605
-37.80839444, 145.24673378
-37.80839444, 145.25808151
-37.80839444, 145.26942925
-37.80839444, 145.28077698
-37.80839444, 145.29212471
-37.80839444, 145.30347244
-37.81474646, 144.730412
-37.81474646, 144.74175973
-37.81474646, 144.75310746
-37.81474646, 144.76445519
-37.81474646, 144.77580293
-37.81474646, 144.78715066
-37.81474646, 144.79849839
-37.81474646, 144.80984612
-37.81474646, 144.82119385
-37.81474646, 144.83254158
-37.81474646, 144.84388931
-37.81474646, 144.85523705
-37.81474646, 144.86658478
-37.81474646, 144.87793251
-37.81474646, 144.88928024
-37.81474646, 144.90062797
-37.81474646, 144.9119757
-37.81474646, 144.92332344
-37.81474646, 144.93467117
-37.81474646, 144.9460189
-37.81474646, 144.95736663
-37.81474646, 144.96871436
-37.81474646, 144.98006209
-37.81474646, 144.99140982
-37.81474646, 145.00275756
-37.81474646, 145.01410529
-37.81474646, 145.02545302
-37.81474646, 145.03680075
-37.81474646, 145.04814848
-37.81474646, 145.05949621
-37.81474646, 145.07084394
-37.81474646, 145.08219168
-37.81474646, 145.09353941
-37.81474646, 145.10488714
-37.81474646, 145.11623487
-37.81474646, 145.1275826
-37.81474646, 145.13893033
-37.81474646, 145.15027807
-37.81474646, 145.1616258
-37.81474646, 145.17297353
-37.81474646, 145.18432126
-37.81474646, 145.19566899
-37.81474646, 145.20701672
-37.81474646, 145.21836445
-37.81474646, 145.22971219
-37.81474646, 145.24105992
-37.81474646, 145.25240765
-37.81474646, 145.26375538
-37.81474646, 145.27510311
-37.81474646, 145.28645084
-37.81474646, 145.29779857
-37.82109848, 144.73608587
-37.82109848, 144.7474336
-37.82109848, 144.75878133
-37.82109848, 144.77012906
-37.82109848, 144.78147679
-37.82109848, 144.79282452
-37.82109848, 144.80417225
-37.82109848, 144.81551999
-37.82109848, 144.82686772
-37.82109848, 144.83821545
-37.82109848, 144.84956318
-37.82109848, 144.86091091
-37.82109848, 144.87225864
-37.82109848, 144.88360638
-37.82109848, 144.89495411
-37.82109848, 144.90630184
-37.82109848, 144.91764957
-37.82109848, 144.9289973
-37.82109848, 144.94034503
-37.82109848, 144.95169276
-37.82109848, 144.9630405
-37.82109848, 144.97438823
-37.82109848, 144.98573596
-37.82109848, 144.99708369
-37.82109848, 145.00843142
-37.82109848, 145.01977915
-37.82109848, 145.03112688
-37.82109848, 145.04247462
-37.82109848, 145.05382235
-37.82109848, 145.06517008
-37.82109848, 145.07651781
-37.82109848, 145.08786554
-37.82109848, 145.09921327
-37.82109848, 145.11056101
-37.82109848, 145.12190874
-37.82109848, 145.13325647
-37.82109848, 145.1446042
-37.82109848, 145.15595193
-37.82109848, 145.16729966
-37.82109848, 145.17864739
-37.82109848, 145.18999513
-37.82109848, 145.20134286
-37.82109848, 145.21269059
-37.82109848, 145.22403832
-37.82109848, 145.23538605
-37.82109848, 145.24673378
-37.82109848, 145.25808151
-37.82109848, 145.26942925
-37.82109848, 145.28077698
-37.82109848, 145.29212471
-37.82109848, 145.30347244
-37.8274505, 144.730412
-37.8274505, 144.74175973
-37.8274505, 144.75310746
-37.8274505, 144.76445519
-37.8274505, 144.77580293
-37.8274505, 144.78715066
-37.8274505, 144.79849839
-37.8274505, 144.80984612
-37.8274505, 144.82119385
-37.8274505, 144.83254158
-37.8274505, 144.84388931
-37.8274505, 144.85523705
-37.8274505, 144.86658478
-37.8274505, 144.87793251
-37.8274505, 144.88928024
-37.8274505, 144.90062797
-37.8274505, 144.9119757
-37.8274505, 144.92332344
-37.8274505, 144.93467117
-37.8274505, 144.9460189
-37.8274505, 144.95736663
-37.8274505, 144.96871436
-37.8274505, 144.98006209
-37.8274505, 144.99140982
-37.8274505, 145.00275756
-37.8274505, 145.01410529
-37.8274505, 145.02545302
-37.8274505, 145.03680075
-37.8274505, 145.04814848
-37.8274505, 145.05949621
-37.8274505, 145.07084394
-37.8274505, 145.08219168
-37.8274505, 145.09353941
-37.8274505, 145.10488714
-37.8274505, 145.11623487
-37.8274505, 145.1275826
-37.8274505, 145.13893033
-37.8274505, 145.15027807
-37.8274505, 145.1616258
-37.8274505, 145.17297353
-37.8274505, 145.18432126
-37.8274505, 145.19566899
-37.8274505, 145.20701672
-37.8274505, 145.21836445
-37.8274505, 145.22971219
-37.8274505, 145.24105992
-37.8274505, 145.25240765
-37.8274505, 145.26375538
-37.8274505, 145.27510311
-37.8274505, 145.28645084
-37.8274505, 145.29779857
-37.83380252, 144.73608587
-37.83380252, 144.7474336
-37.83380252, 144.75878133
-37.83380252, 144.77012906
-37.83380252, 144.78147679
-37.83380252, 144.79282452
-37.83380252, 144.80417225
-37.83380252, 144.81551999
-37.83380252, 144.82686772
-37.83380252, 144.83821545
-37.83380252, 144.84956318
-37.83380252, 144.86091091
-37.83380252, 144.87225864
-37.83380252, 144.88360638
-37.83380252, 144.89495411
-37.83380252, 144.90630184
-37.83380252, 144.91764957
-37.83380252, 144.9289973
-37.83380252, 144.94034503
-37.83380252, 144.95169276
-37.83380252, 144.9630405
-37.83380252, 144.97438823
-37.83380252, 144.98573596
-37.83380252, 144.99708369
-37.83380252, 145.00843142
-37.83380252, 145.01977915
-37.83380252, 145.03112688
-37.83380252, 145.04247462
-37.83380252, 145.05382235
-37.83380252, 145.06517008
-37.83380252, 145.07651781
-37.83380252, 145.08786554
-37.83380252, 145.09921327
-37.83380252, 145.11056101
-37.83380252, 145.12190874
-37.83380252, 145.13325647
-37.83380252, 145.1446042
-37.83380252, 145.15595193
-37.83380252, 145.16729966
-37.83380252, 145.17864739
-37.83380252, 145.18999513
-37.83380252, 145.20134286
-37.83380252, 145.21269059
-37.83380252, 145.22403832
-37.83380252, 145.23538605
-37.83380252, 145.24673378
-37.83380252, 145.25808151
-37.83380252, 145.26942925
-37.83380252, 145.28077698
-37.83380252, 145.29212471
-37.83380252, 145.30347244
-37.84015454, 144.730412
-37.84015454, 144.74175973
-37.84015454, 144.75310746
-37.84015454, 144.76445519
-37.84015454, 144.77580293
-37.84015454, 144.78715066
-37.84015454, 144.79849839
-37.84015454, 144.80984612
-37.84015454, 144.82119385
-37.84015454, 144.83254158
-37.84015454, 144.84388931
-37.84015454, 144.85523705
-37.84015454, 144.86658478
-37.84015454, 144.87793251
-37.84015454, 144.88928024
-37.84015454, 144.90062797
-37.84015454, 144.9119757
-37.84015454, 144.92332344
-37.84015454, 144.93467117
-37.84015454, 144.9460189
-37.84015454, 144.95736663
-37.84015454, 144.96871436
-37.84015454, 144.98006209
-37.84015454, 144.99140982
-37.84015454, 145.00275756
-37.84015454, 145.01410529
-37.84015454, 145.02545302
-37.84015454, 145.03680075
-37.84015454, 145.04814848
-37.84015454, 145.05949621
-37.84015454, 145.07084394
-37.84015454, 145.08219168
-37.84015454, 145.09353941
-37.84015454, 145.10488714
-37.84015454, 145.11623487
-37.84015454, 145.1275826
-37.84015454, 145.13893033
-37.84015454, 145.15027807
-37.84015454, 145.1616258
-37.84015454, 145.17297353
-37.84015454, 145.18432126
-37.84015454, 145.19566899
-37.84015454, 145.20701672
-37.84015454, 145.21836445
-37.84015454, 145.22971219
-37.84015454, 145.24105992
-37.84015454, 145.25240765
-37.84015454, 145.26375538
-37.84015454, 145.27510311
-37.84015454, 145.28645084
-37.84015454, 145.29779857
-37.84650656, 144.73608587
-37.84650656, 144.7474336
-37.84650656, 144.75878133
-37.84650656, 144.77012906
-37.84650656, 144.78147679
-37.84650656, 144.79282452
-37.84650656, 144.80417225
-37.84650656, 144.81551999
-37.84650656, 144.82686772
-37.84650656, 144.83821545
-37.84650656, 144.84956318
-37.84650656, 144.86091091
-37.84650656, 144.87225864
-37.84650656, 144.88360638
-37.84650656, 144.89495411
-37.84650656, 144.90630184
-37.84650656, 144.91764957
-37.84650656, 144.9289973
-37.84650656, 144.94034503
-37.84650656, 144.95169276
-37.84650656, 144.9630405
-37.84650656, 144.97438823
-37.84650656, 144.98573596
-37.84650656, 144.99708369
-37.84650656, 145.00843142
-37.84650656, 145.01977915
-37.84650656, 145.03112688
-37.84650656, 145.04247462
-37.84650656, 145.05382235
-37.84650656, 145.06517008
-37.84650656, 145.07651781
-37.84650656, 145.08786554
-37.84650656, 145.09921327
-37.84650656, 145.11056101
-37.84650656, 145.12190874
-37.84650656, 145.13325647
-37.84650656, 145.1446042
-37.84650656, 145.15595193
-37.84650656, 145.16729966
-37.84650656, 145.17864739
-37.84650656, 145.18999513
-37.84650656, 145.20134286
-37.84650656, 145.21269059
-37.84650656, 145.22403832
-37.84650656, 145.23538605
-37.84650656, 145.24673378
-37.84650656, 145.25808151
-37.84650656, 145.26942925
-37.84650656, 145.28077698
-37.84650656, 145.29212471
-37.84650656, 145.30347244
-37.85285858, 144.730412
-37.85285858, 144.74175973
-37.85285858, 144.75310746
-37.85285858, 144.76445519
-37.85285858, 144.77580293
-37.85285858, 144.78715066
-37.85285858, 144.79849839
-37.85285858, 144.80984612
-37.85285858, 144.82119385
-37.85285858, 144.83254158
-37.85285858, 144.84388931
-37.85285858, 144.85523705
-37.85285858, 144.86658478
-37.85285858, 144.87793251
-37.85285858, 144.88928024
-37.85285858, 144.90062797
-37.85285858, 144.9119757
-37.85285858, 144.92332344
-37.85285858, 144.93467117
-37.85285858, 144.9460189
-37.85285858, 144.95736663
-37.85285858, 144.96871436
-37.85285858, 144.98006209
-37.85285858, 144.99140982
-37.85285858, 145.00275756
-37.85285858, 145.01410529
-37.85285858, 145.02545302
-37.85285858, 145.03680075
-37.85285858, 145.04814848
-37.85285858, 145.05949621
-37.85285858, 145.07084394
-37.85285858, 145.08219168
-37.85285858, 145.09353941
-37.85285858, 145.10488714
-37.85285858, 145.11623487
-37.85285858, 145.1275826
-37.85285858, 145.13893033
-37.85285858, 145.15027807
-37.85285858, 145.1616258
-37.85285858, 145.17297353
-37.85285858, 145.18432126
-37.85285858, 145.19566899
-37.85285858, 145.20701672
-37.85285858, 145.21836445
-37.85285858, 145.22971219
-37.85285858, 145.24105992
-37.85285858, 145.25240765
-37.85285858, 145.26375538
-37.85285858, 145.27510311
-37.85285858, 145.28645084
-37.85285858, 145.29779857
-37.8592106, 144.73608587
-37.8592106, 144.7474336
-37.8592106, 144.75878133
-37.8592106, 144.77012906
-37.8592106, 144.78147679
-37.8592106, 144.79282452
-37.8592106, 144.80417225
-37.8592106, 144.81551999
-37.8592106, 144.82686772
-37.8592106, 144.83821545
-37.8592106, 144.84956318
-37.8592106, 144.86091091
-37.8592106, 144.87225864
-37.8592106, 144.88360638
-37.8592106, 144.89495411
-37.8592106, 144.90630184
-37.8592106, 144.91764957
-37.8592106, 144.9289973
-37.8592106, 144.94034503
-37.8592106, 144.95169276
-37.8592106, 144.9630405
-37.8592106, 144.97438823
-37.8592106, 144.98573596
-37.8592106, 144.99708369
-37.8592106, 145.00843142
-37.8592106, 145.01977915
-37.8592106, 145.03112688
-37.8592106, 145.04247462
-37.8592106, 145.05382235
-37.8592106, 145.06517008
-37.8592106, 145.07651781
-37.8592106, 145.08786554
-37.8592106, 145.09921327
-37.8592106, 145.11056101
-37.8592106, 145.12190874
-37.8592106, 145.13325647
-37.8592106, 145.1446042
-37.8592106, 145.15595193
-37.8592106, 145.16729966
-37.8592106, 145.17864739
-37.8592106, 145.18999513
-37.8592106, 145.20134286
-37.8592106, 145.21269059
-37.8592106, 145.22403832
-37.8592106, 145.23538605
-37.8592106, 145.24673378
-37.8592106, 145.25808151
-37.8592106, 145.26942925
-37.8592106, 145.28077698
-37.8592106, 145.29212471
-37.8592106, 145.30347244
-37.86556262, 144.730412
-37.86556262, 144.74175973
-37.86556262, 144.75310746
-37.86556262, 144.76445519
-37.86556262, 144.77580293
-37.86556262, 144.78715066
-37.86556262, 144.79849839
-37.86556262, 144.80984612
-37.86556262, 144.82119385
-37.86556262, 144.83254158
-37.86556262, 144.84388931
-37.86556262, 144.85523705
-37.86556262, 144.86658478
-37.86556262, 144.87793251
-37.86556262, 144.88928024
-37.86556262, 144.90062797
-37.86556262, 144.9119757
-37.86556262, 144.92332344
-37.86556262, 144.93467117
-37.86556262, 144.9460189
-37.86556262, 144.95736663
-37.86556262, 144.96871436
-37.86556262, 144.98006209
-37.86556262, 144.99140982
-37.86556262, 145.00275756
-37.86556262, 145.01410529
-37.86556262, 145.02545302
-37.86556262, 145.03680075
-37.86556262, 145.04814848
-37.86556262, 145.05949621
-37.86556262, 145.07084394
-37.86556262, 145.08219168
-37.86556262, 145.09353941
-37.86556262, 145.10488714
-37.86556262, 145.11623487
-37.86556262, 145.1275826
-37.86556262, 145.13893033
-37.86556262, 145.15027807
-37.86556262, 145.1616258
-37.86556262, 145.17297353
-37.86556262, 145.18432126
-37.86556262, 145.19566899
-37.86556262, 145.20701672
-37.86556262, 145.21836445
-37.86556262, 145.22971219
-37.86556262, 145.24105992
-37.86556262, 145.25240765
-37.86556262, 145.26375538
-37.86556262, 145.27510311
-37.86556262, 145.28645084
-37.86556262, 145.29779857
-37.87191463, 144.73608587
-37.87191463, 144.7474336
-37.87191463, 144.75878133
-37.87191463, 144.77012906
-37.87191463, 144.78147679
-37.87191463, 144.79282452
-37.87191463, 144.80417225
-37.87191463, 144.81551999
-37.87191463, 144.82686772
-37.87191463, 144.83821545
-37.87191463, 144.84956318
-37.87191463, 144.86091091
-37.87191463, 144.87225864
-37.87191463, 144.88360638
-37.87191463, 144.89495411
-37.87191463, 144.90630184
-37.87191463, 144.91764957
-37.87191463, 144.9289973
-37.87191463, 144.94034503
-37.87191463, 144.95169276
-37.87191463, 144.9630405
-37.87191463, 144.97438823
-37.87191463, 144.98573596
-37.87191463, 144.99708369
-37.87191463, 145.00843142
-37.87191463, 145.01977915
-37.87191463, 145.03112688
-37.87191463, 145.04247462
-37.87191463, 145.05382235
-37.87191463, 145.06517008
-37.87191463, 145.07651781
-37.87191463, 145.08786554
-37.87191463, 145.09921327
-37.87191463, 145.11056101
-37.87191463, 145.12190874
-37.87191463, 145.13325647
-37.87191463, 145.1446042
-37.87191463, 145.15595193
-37.87191463, 145.16729966
-37.87191463, 145.17864739
-37.87191463, 145.18999513
-37.87191463, 145.20134286
-37.87191463, 145.21269059
-37.87191463, 145.22403832
-37.87191463, 145.23538605
-37.87191463, 145.24673378
-37.87191463, 145.25808151
-37.87191463, 145.26942925
-37.87191463, 145.28077698
-37.87191463, 145.29212471
-37.87191463, 145.30347244
-37.87826665, 144.730412
-37.87826665, 144.74175973
-37.87826665, 144.75310746
-37.87826665, 144.76445519
-37.87826665, 144.77580293
-37.87826665, 144.78715066
-37.87826665, 144.79849839
-37.87826665, 144.80984612
-37.87826665, 144.82119385
-37.87826665, 144.83254158
-37.87826665, 144.84388931
-37.87826665, 144.85523705
-37.87826665, 144.86658478
-37.87826665, 144.87793251
-37.87826665, 144.88928024
-37.87826665, 144.90062797
-37.87826665, 144.9119757
-37.87826665, 144.92332344
-37.87826665, 144.93467117
-37.87826665, 144.9460189
-37.87826665, 144.95736663
-37.87826665, 144.96871436
-37.87826665, 144.98006209
-37.87826665, 144.99140982
-37.87826665, 145.00275756
-37.87826665, 145.01410529
-37.87826665, 145.02545302
-37.87826665, 145.03680075
-37.87826665, 145.04814848
-37.87826665, 145.05949621
-37.87826665, 145.07084394
-37.87826665, 145.08219168
-37.87826665, 145.09353941
-37.87826665, 145.10488714
-37.87826665, 145.11623487
-37.87826665, 145.1275826
-37.87826665, 145.13893033
-37.87826665, 145.15027807
-37.87826665, 145.1616258
-37.87826665, 145.17297353
-37.87826665, 145.18432126
-37.87826665, 145.19566899
-37.87826665, 145.20701672
-37.87826665, 145.21836445
-37.87826665, 145.22971219
-37.87826665, 145.24105992
-37.87826665, 145.25240765
-37.87826665, 145.26375538
-37.87826665, 145.27510311
-37.87826665, 145.28645084
-37.87826665, 145.29779857
-37.88461867, 144.73608587
-37.88461867, 144.7474336
-37.88461867, 144.75878133
-37.88461867, 144.77012906
-37.88461867, 144.78147679
-37.88461867, 144.79282452
-37.88461867, 144.80417225
-37.88461867, 144.81551999
-37.88461867, 144.82686772
-37.88461867, 144.83821545
-37.88461867, 144.84956318
-37.88461867, 144.86091091
-37.88461867, 144.87225864
-37.88461867, 144.88360638
-37.88461867, 144.89495411
-37.88461867, 144.90630184
-37.88461867, 144.91764957
-37.88461867, 144.9289973
-37.88461867, 144.94034503
-37.88461867, 144.95169276
-37.88461867, 144.9630405
-37.88461867, 144.97438823
-37.88461867, 144.98573596
-37.88461867, 144.99708369
-37.88461867, 145.00843142
-37.88461867, 145.01977915
-37.88461867, 145.03112688
-37.88461867, 145.04247462
-37.88461867, 145.05382235
-37.88461867, 145.06517008
-37.88461867, 145.07651781
-37.88461867, 145.08786554
-37.88461867, 145.09921327
-37.88461867, 145.11056101
-37.88461867, 145.12190874
-37.88461867, 145.13325647
-37.88461867, 145.1446042
-37.88461867, 145.15595193
-37.88461867, 145.16729966
-37.88461867, 145.17864739
-37.88461867, 145.18999513
-37.88461867, 145.20134286
-37.88461867, 145.21269059
-37.88461867, 145.22403832
-37.88461867, 145.23538605
-37.88461867, 145.24673378
-37.88461867, 145.25808151
-37.88461867, 145.26942925
-37.88461867, 145.28077698
-37.88461867, 145.29212471
-37.88461867, 145.30347244
-37.89097069, 144.730412
-37.89097069, 144.74175973
-37.89097069, 144.75310746
-37.89097069, 144.76445519
-37.89097069, 144.77580293
-37.89097069, 144.78715066
-37.89097069, 144.79849839
-37.89097069, 144.80984612
-37.89097069, 144.82119385
-37.89097069, 144.83254158
-37.89097069, 144.84388931
-37.89097069, 144.85523705
-37.89097069, 144.86658478
-37.89097069, 144.87793251
-37.89097069, 144.88928024
-37.89097069, 144.90062797
-37.89097069, 144.9119757
-37.89097069, 144.92332344
-37.89097069, 144.93467117
-37.89097069, 144.9460189
-37.89097069, 144.95736663
-37.89097069, 144.96871436
-37.89097069, 144.98006209
-37.89097069, 144.99140982
-37.89097069, 145.00275756
-37.89097069, 145.01410529
-37.89097069, 145.02545302
-37.89097069, 145.03680075
-37.89097069, 145.04814848
-37.89097069, 145.05949621
-37.89097069, 145.07084394
-37.89097069, 145.08219168
-37.89097069, 145.09353941
-37.89097069, 145.10488714
-37.89097069, 145.11623487
-37.89097069, 145.1275826
-37.89097069, 145.13893033
-37.89097069, 145.15027807
-37.89097069, 145.1616258
-37.89097069, 145.17297353
-37.89097069, 145.18432126
-37.89097069, 145.19566899
-37.89097069, 145.20701672
-37.89097069, 145.21836445
-37.89097069, 145.22971219
-37.89097069, 145.24105992
-37.89097069, 145.25240765
-37.89097069, 145.26375538
-37.89097069, 145.27510311
-37.89097069, 145.28645084
-37.89097069, 145.29779857
-37.89732271, 144.73608587
-37.89732271, 144.7474336
-37.89732271, 144.75878133
-37.89732271, 144.77012906
-37.89732271, 144.78147679
-37.89732271, 144.79282452
-37.89732271, 144.80417225
-37.89732271, 144.81551999
-37.89732271, 144.82686772
-37.89732271, 144.83821545
-37.89732271, 144.84956318
-37.89732271, 144.86091091
-37.89732271, 144.87225864
-37.89732271, 144.88360638
-37.89732271, 144.89495411
-37.89732271, 144.90630184
-37.89732271, 144.91764957
-37.89732271, 144.9289973
-37.89732271, 144.94034503
-37.89732271, 144.95169276
-37.89732271, 144.9630405
-37.89732271, 144.97438823
-37.89732271, 144.98573596
-37.89732271, 144.99708369
-37.89732271, 145.00843142
-37.89732271, 145.01977915
-37.89732271, 145.03112688
-37.89732271, 145.04247462
-37.89732271, 145.05382235
-37.89732271, 145.06517008
-37.89732271, 145.07651781
-37.89732271, 145.08786554
-37.89732271, 145.09921327
-37.89732271, 145.11056101
-37.89732271, 145.12190874
-37.89732271, 145.13325647
-37.89732271, 145.1446042
-37.89732271, 145.15595193
-37.89732271, 145.16729966
-37.89732271, 145.17864739
-37.89732271, 145.18999513
-37.89732271, 145.20134286
-37.89732271, 145.21269059
-37.89732271, 145.22403832
-37.89732271, 145.23538605
-37.89732271, 145.24673378
-37.89732271, 145.25808151
-37.89732271, 145.26942925
-37.89732271, 145.28077698
-37.89732271, 145.29212471
-37.89732271, 145.30347244
-37.90367473, 144.730412
-37.90367473, 144.74175973
-37.90367473, 144.75310746
-37.90367473, 144.76445519
-37.90367473, 144.77580293
-37.90367473, 144.78715066
-37.90367473, 144.79849839
-37.90367473, 144.80984612
-37.90367473, 144.82119385
-37.90367473, 144.83254158
-37.90367473, 144.84388931
-37.90367473, 144.85523705
-37.90367473, 144.86658478
-37.90367473, 144.87793251
-37.90367473, 144.88928024
-37.90367473, 144.90062797
-37.90367473, 144.9119757
-37.90367473, 144.92332344
-37.90367473, 144.93467117
-37.90367473, 144.9460189
-37.90367473, 144.95736663
-37.90367473, 144.96871436
-37.90367473, 144.98006209
-37.90367473, 144.99140982
-37.90367473, 145.00275756
-37.90367473, 145.01410529
-37.90367473, 145.02545302
-37.90367473, 145.03680075
-37.90367473, 145.04814848
-37.90367473, 145.05949621
-37.90367473, 145.07084394
-37.90367473, 145.08219168
-37.90367473, 145.09353941
-37.90367473, 145.10488714
-37.90367473, 145.11623487
-37.90367473, 145.1275826
-37.90367473, 145.13893033
-37.90367473, 145.15027807
-37.90367473, 145.1616258
-37.90367473, 145.17297353
-37.90367473, 145.18432126
-37.90367473, 145.19566899
-37.90367473, 145.20701672
-37.90367473, 145.21836445
-37.90367473, 145.22971219
-37.90367473, 145.24105992
-37.90367473, 145.25240765
-37.90367473, 145.26375538
-37.90367473, 145.27510311
-37.90367473, 145.28645084
-37.90367473, 145.29779857
-37.91002675, 144.73608587
-37.91002675, 144.7474336
-37.91002675, 144.75878133
-37.91002675, 144.77012906
-37.91002675, 144.78147679
-37.91002675, 144.79282452
-37.91002675, 144.80417225
-37.91002675, 144.81551999
-37.91002675, 144.82686772
-37.91002675, 144.83821545
-37.91002675, 144.84956318
-37.91002675, 144.86091091
-37.91002675, 144.87225864
-37.91002675, 144.88360638
-37.91002675, 144.89495411
-37.91002675, 144.90630184
-37.91002675, 144.91764957
-37.91002675, 144.9289973
-37.91002675, 144.94034503
-37.91002675, 144.95169276
-37.91002675, 144.9630405
-37.91002675, 144.97438823
-37.91002675, 144.98573596
-37.91002675, 144.99708369
-37.91002675, 145.00843142
-37.91002675, 145.01977915
-37.91002675, 145.03112688
-37.91002675, 145.04247462
-37.91002675, 145.05382235
-37.91002675, 145.06517008
-37.91002675, 145.07651781
-37.91002675, 145.08786554
-37.91002675, 145.09921327
-37.91002675, 145.11056101
-37.91002675, 145.12190874
-37.91002675, 145.13325647
-37.91002675, 145.1446042
-37.91002675, 145.15595193
-37.91002675, 145.16729966
-37.91002675, 145.17864739
-37.91002675, 145.18999513
-37.91002675, 145.20134286
-37.91002675, 145.21269059
-37.91002675, 145.22403832
-37.91002675, 145.23538605
-37.91002675, 145.24673378
-37.91002675, 145.25808151
-37.91002675, 145.26942925
-37.91002675, 145.28077698
-37.91002675, 145.29212471
-37.91002675, 145.30347244
-37.91637877, 144.730412
-37.91637877, 144.74175973
-37.91637877, 144.75310746
-37.91637877, 144.76445519
-37.91637877, 144.77580293
-37.91637877, 144.78715066
-37.91637877, 144.79849839
-37.91637877, 144.80984612
-37.91637877, 144.82119385
-37.91637877, 144.83254158
-37.91637877, 144.84388931
-37.91637877, 144.85523705
-37.91637877, 144.86658478
-37.91637877, 144.87793251
-37.91637877, 144.88928024
-37.91637877, 144.90062797
-37.91637877, 144.9119757
-37.91637877, 144.92332344
-37.91637877, 144.93467117
-37.91637877, 144.9460189
-37.91637877, 144.95736663
-37.91637877, 144.96871436
-37.91637877, 144.98006209
-37.91637877, 144.99140982
-37.91637877, 145.00275756
-37.91637877, 145.01410529
-37.91637877, 145.02545302
-37.91637877, 145.03680075
-37.91637877, 145.04814848
-37.91637877, 145.05949621
-37.91637877, 145.07084394
-37.91637877, 145.08219168
-37.91637877, 145.09353941
-37.91637877, 145.10488714
-37.91637877, 145.11623487
-37.91637877, 145.1275826
-37.91637877, 145.13893033
-37.91637877, 145.15027807
-37.91637877, 145.1616258
-37.91637877, 145.17297353
-37.91637877, 145.18432126
-37.91637877, 145.19566899
-37.91637877, 145.20701672
-37.91637877, 145.21836445
-37.91637877, 145.22971219
-37.91637877, 145.24105992
-37.91637877, 145.25240765
-37.91637877, 145.26375538
-37.91637877, 145.27510311
-37.91637877, 145.28645084
-37.91637877, 145.29779857
-37.92273079, 144.73608587
-37.92273079, 144.7474336
-37.92273079, 144.75878133
-37.92273079, 144.77012906
-37.92273079, 144.78147679
-37.92273079, 144.79282452
-37.92273079, 144.80417225
-37.92273079, 144.81551999
-37.92273079, 144.82686772
-37.92273079, 144.83821545
-37.92273079, 144.84956318
-37.92273079, 144.86091091
-37.92273079, 144.87225864
-37.92273079, 144.88360638
-37.92273079, 144.89495411
-37.92273079, 144.90630184
-37.92273079, 144.91764957
-37.92273079, 144.9289973
-37.92273079, 144.94034503
-37.92273079, 144.95169276
-37.92273079, 144.9630405
-37.92273079, 144.97438823
-37.92273079, 144.98573596
-37.92273079, 144.99708369
-37.92273079, 145.00843142
-37.92273079, 145.01977915
-37.92273079, 145.03112688
-37.92273079, 145.04247462
-37.92273079, 145.05382235
-37.92273079, 145.06517008
-37.92273079, 145.07651781
-37.92273079, 145.08786554
-37.92273079, 145.09921327
-37.92273079, 145.11056101
-37.92273079, 145.12190874
-37.92273079, 145.13325647
-37.92273079, 145.1446042
-37.92273079, 145.15595193
-37.92273079, 145.16729966
-37.92273079, 145.17864739
-37.92273079, 145.18999513
-37.92273079, 145.20134286
-37.92273079, 145.21269059
-37.92273079, 145.22403832
-37.92273079, 145.23538605
-37.92273079, 145.24673378
-37.92273079, 145.25808151
-37.92273079, 145.26942925
-37.92273079, 145.28077698
-37.92273079, 145.29212471
-37.92273079, 145.30347244
-37.92908281, 144.730412
-37.92908281, 144.74175973
-37.92908281, 144.75310746
-37.92908281, 144.76445519
-37.92908281, 144.77580293
-37.92908281, 144.78715066
-37.92908281, 144.79849839
-37.92908281, 144.80984612
-37.92908281, 144.82119385
-37.92908281, 144.83254158
-37.92908281, 144.84388931
-37.92908281, 144.85523705
-37.92908281, 144.86658478
-37.92908281, 144.87793251
-37.92908281, 144.88928024
-37.92908281, 144.90062797
-37.92908281, 144.9119757
-37.92908281, 144.92332344
-37.92908281, 144.93467117
-37.92908281, 144.9460189
-37.92908281, 144.95736663
-37.92908281, 144.96871436
-37.92908281, 144.98006209
-37.92908281, 144.99140982
-37.92908281, 145.00275756
-37.92908281, 145.01410529
-37.92908281, 145.02545302
-37.92908281, 145.03680075
-37.92908281, 145.04814848
-37.92908281, 145.05949621
-37.92908281, 145.07084394
-37.92908281, 145.08219168
-37.92908281, 145.09353941
-37.92908281, 145.10488714
-37.92908281, 145.11623487
-37.92908281, 145.1275826
-37.92908281, 145.13893033
-37.92908281, 145.15027807
-37.92908281, 145.1616258
-37.92908281, 145.17297353
-37.92908281, 145.18432126
-37.92908281, 145.19566899
-37.92908281, 145.20701672
-37.92908281, 145.21836445
-37.92908281, 145.22971219
-37.92908281, 145.24105992
-37.92908281, 145.25240765
-37.92908281, 145.26375538
-37.92908281, 145.27510311
-37.92908281, 145.28645084
-37.92908281, 145.29779857
-37.93543483, 144.73608587
-37.93543483, 144.7474336
-37.93543483, 144.75878133
-37.93543483, 144.77012906
-37.93543483, 144.78147679
-37.93543483, 144.79282452
-37.93543483, 144.80417225
-37.93543483, 144.81551999
-37.93543483, 144.82686772
-37.93543483, 144.83821545
-37.93543483, 144.84956318
-37.93543483, 144.86091091
-37.93543483, 144.87225864
-37.93543483, 144.88360638
-37.93543483, 144.89495411
-37.93543483, 144.90630184
-37.93543483, 144.91764957
-37.93543483, 144.9289973
-37.93543483, 144.94034503
-37.93543483, 144.95169276
-37.93543483, 144.9630405
-37.93543483, 144.97438823
-37.93543483, 144.98573596
-37.93543483, 144.99708369
-37.93543483, 145.00843142
-37.93543483, 145.01977915
-37.93543483, 145.03112688
-37.93543483, 145.04247462
-37.93543483, 145.05382235
-37.93543483, 145.06517008
-37.93543483, 145.07651781
-37.93543483, 145.08786554
-37.93543483, 145.09921327
-37.93543483, 145.11056101
-37.93543483, 145.12190874
-37.93543483, 145.13325647
-37.93543483, 145.1446042
-37.93543483, 145.15595193
-37.93543483, 145.16729966
-37.93543483, 145.17864739
-37.93543483, 145.18999513
-37.93543483, 145.20134286
-37.93543483, 145.21269059
-37.93543483, 145.22403832
-37.93543483, 145.23538605
-37.93543483, 145.24673378
-37.93543483, 145.25808151
-37.93543483, 145.26942925
-37.93543483, 145.28077698
-37.93543483, 145.29212471
-37.93543483, 145.30347244
-37.94178685, 144.730412
-37.94178685, 144.74175973
-37.94178685, 144.75310746
-37.94178685, 144.76445519
-37.94178685, 144.77580293
-37.94178685, 144.78715066
-37.94178685, 144.79849839
-37.94178685, 144.80984612
-37.94178685, 144.82119385
-37.94178685, 144.83254158
-37.94178685, 144.84388931
-37.94178685, 144.85523705
-37.94178685, 144.86658478
-37.94178685, 144.87793251
-37.94178685, 144.88928024
-37.94178685, 144.90062797
-37.94178685, 144.9119757
-37.94178685, 144.92332344
-37.94178685, 144.93467117
-37.94178685, 144.9460189
-37.94178685, 144.95736663
-37.94178685, 144.96871436
-37.94178685, 144.98006209
-37.94178685, 144.99140982
-37.94178685, 145.00275756
-37.94178685, 145.01410529
-37.94178685, 145.02545302
-37.94178685, 145.03680075
-37.94178685, 145.04814848
-37.94178685, 145.05949621
-37.94178685, 145.07084394
-37.94178685, 145.08219168
-37.94178685, 145.09353941
-37.94178685, 145.10488714
-37.94178685, 145.11623487
-37.94178685, 145.1275826
-37.94178685, 145.13893033
-37.94178685, 145.15027807
-37.94178685, 145.1616258
-37.94178685, 145.17297353
-37.94178685, 145.18432126
-37.94178685, 145.19566899
-37.94178685, 145.20701672
-37.94178685, 145.21836445
-37.94178685, 145.22971219
-37.94178685, 145.24105992
-37.94178685, 145.25240765
-37.94178685, 145.26375538
-37.94178685, 145.27510311
-37.94178685, 145.28645084
-37.94178685, 145.29779857
-37.94813887, 144.73608587
-37.94813887, 144.7474336
-37.94813887, 144.75878133
-37.94813887, 144.77012906
-37.94813887, 144.78147679
-37.94813887, 144.79282452
-37.94813887, 144.80417225
-37.94813887, 144.81551999
-37.94813887, 144.82686772
-37.94813887, 144.83821545
-37.94813887, 144.84956318
-37.94813887, 144.86091091
-37.94813887, 144.87225864
-37.94813887, 144.88360638
-37.94813887, 144.89495411
-37.94813887, 144.90630184
-37.94813887, 144.91764957
-37.94813887, 144.9289973
-37.94813887, 144.94034503
-37.94813887, 144.95169276
-37.94813887, 144.9630405
-37.94813887, 144.97438823
-37.94813887, 144.98573596
-37.94813887, 144.99708369
-37.94813887, 145.00843142
-37.94813887, 145.01977915
-37.94813887, 145.03112688
-37.94813887, 145.04247462
-37.94813887, 145.05382235
-37.94813887, 145.06517008
-37.94813887, 145.07651781
-37.94813887, 145.08786554
-37.94813887, 145.09921327
-37.94813887, 145.11056101
-37.94813887, 145.12190874
-37.94813887, 145.13325647
-37.94813887, 145.1446042
-37.94813887, 145.15595193
-37.94813887, 145.16729966
-37.94813887, 145.17864739
-37.94813887, 145.18999513
-37.94813887, 145.20134286
-37.94813887, 145.21269059
-37.94813887, 145.22403832
-37.94813887, 145.23538605
-37.94813887, 145.24673378
-37.94813887, 145.25808151
-37.94813887, 145.26942925
-37.94813887, 145.28077698
-37.94813887, 145.29212471
-37.94813887, 145.30347244
-37.95449088, 144.730412
-37.95449088, 144.74175973
-37.95449088, 144.75310746
-37.95449088, 144.76445519
-37.95449088, 144.77580293
-37.95449088, 144.78715066
-37.95449088, 144.79849839
-37.95449088, 144.80984612
-37.95449088, 144.82119385
-37.95449088, 144.83254158
-37.95449088, 144.84388931
-37.95449088, 144.85523705
-37.95449088, 144.86658478
-37.95449088, 144.87793251
-37.95449088, 144.88928024
-37.95449088, 144.90062797
-37.95449088, 144.9119757
-37.95449088, 144.92332344
-37.95449088, 144.93467117
-37.95449088, 144.9460189
-37.95449088, 144.95736663
-37.95449088, 144.96871436
-37.95449088, 144.98006209
-37.95449088, 144.99140982
-37.95449088, 145.00275756
-37.95449088, 145.01410529
-37.95449088, 145.02545302
-37.95449088, 145.03680075
-37.95449088, 145.04814848
-37.95449088, 145.05949621
-37.95449088, 145.07084394
-37.95449088, 145.08219168
-37.95449088, 145.09353941
-37.95449088, 145.10488714
-37.95449088, 145.11623487
-37.95449088, 145.1275826
-37.95449088, 145.13893033
-37.95449088, 145.15027807
-37.95449088, 145.1616258
-37.95449088, 145.17297353
-37.95449088, 145.18432126
-37.95449088, 145.19566899
-37.95449088, 145.20701672
-37.95449088, 145.21836445
-37.95449088, 145.22971219
-37.95449088, 145.24105992
-37.95449088, 145.25240765
-37.95449088, 145.26375538
-37.95449088, 145.27510311
-37.95449088, 145.28645084
-37.95449088, 145.29779857
-37.9608429, 144.73608587
-37.9608429, 144.7474336
-37.9608429, 144.75878133
-37.9608429, 144.77012906
-37.9608429, 144.78147679
-37.9608429, 144.79282452
-37.9608429, 144.80417225
-37.9608429, 144.81551999
-37.9608429, 144.82686772
-37.9608429, 144.83821545
-37.9608429, 144.84956318
-37.9608429, 144.86091091
-37.9608429, 144.87225864
-37.9608429, 144.88360638
-37.9608429, 144.89495411
-37.9608429, 144.90630184
-37.9608429, 144.91764957
-37.9608429, 144.9289973
-37.9608429, 144.94034503
-37.9608429, 144.95169276
-37.9608429, 144.9630405
-37.9608429, 144.97438823
-37.9608429, 144.98573596
-37.9608429, 144.99708369
-37.9608429, 145.00843142
-37.9608429, 145.01977915
-37.9608429, 145.03112688
-37.9608429, 145.04247462
-37.9608429, 145.05382235
-37.9608429, 145.06517008
-37.9608429, 145.07651781
-37.9608429, 145.08786554
-37.9608429, 145.09921327
-37.9608429, 145.11056101
-37.9608429, 145.12190874
-37.9608429, 145.13325647
-37.9608429, 145.1446042
-37.9608429, 145.15595193
-37.9608429, 145.16729966
-37.9608429, 145.17864739
-37.9608429, 145.18999513
-37.9608429, 145.20134286
-37.9608429, 145.21269059
-37.9608429, 145.22403832
-37.9608429, 145.23538605
-37.9608429, 145.24673378
-37.9608429, 145.25808151
-37.9608429, 145.26942925
-37.9608429, 145.28077698
-37.9608429, 145.29212471
-37.9608429, 145.30347244
-37.96719492, 144.730412
-37.96719492, 144.74175973
-37.96719492, 144.75310746
-37.96719492, 144.76445519
-37.96719492, 144.77580293
-37.96719492, 144.78715066
-37.96719492, 144.79849839
-37.96719492, 144.80984612
-37.96719492, 144.82119385
-37.96719492, 144.83254158
-37.96719492, 144.84388931
-37.96719492, 144.85523705
-37.96719492, 144.86658478
-37.96719492, 144.87793251
-37.96719492, 144.88928024
-37.96719492, 144.90062797
-37.96719492, 144.9119757
-37.96719492, 144.92332344
-37.96719492, 144.93467117
-37.96719492, 144.9460189
-37.96719492, 144.95736663
-37.96719492, 144.96871436
-37.96719492, 144.98006209
-37.96719492, 144.99140982
-37.96719492, 145.00275756
-37.96719492, 145.01410529
-37.96719492, 145.02545302
-37.96719492, 145.03680075
-37.96719492, 145.04814848
-37.96719492, 145.05949621
-37.96719492, 145.07084394
-37.96719492, 145.08219168
-37.96719492, 145.09353941
-37.96719492, 145.10488714
-37.96719492, 145.11623487
-37.96719492, 145.1275826
-37.96719492, 145.13893033
-37.96719492, 145.15027807
-37.96719492, 145.1616258
-37.96719492, 145.17297353
-37.96719492, 145.18432126
-37.96719492, 145.19566899
-37.96719492, 145.20701672
-37.96719492, 145.21836445
-37.96719492, 145.22971219
-37.96719492, 145.24105992
-37.96719492, 145.25240765
-37.96719492, 145.26375538
-37.96719492, 145.27510311
-37.96719492, 145.28645084
-37.96719492, 145.29779857
-37.97354694, 144.73608587
-37.97354694, 144.7474336
-37.97354694, 144.75878133
-37.97354694, 144.77012906
-37.97354694, 144.78147679
-37.97354694, 144.79282452
-37.97354694, 144.80417225
-37.97354694, 144.81551999
-37.97354694, 144.82686772
-37.97354694, 144.83821545
-37.97354694, 144.84956318
-37.97354694, 144.86091091
-37.97354694, 144.87225864
-37.97354694, 144.88360638
-37.97354694, 144.89495411
-37.97354694, 144.90630184
-37.97354694, 144.91764957
-37.97354694, 144.9289973
-37.97354694, 144.94034503
-37.97354694, 144.95169276
-37.97354694, 144.9630405
-37.97354694, 144.97438823
-37.97354694, 144.98573596
-37.97354694, 144.99708369
-37.97354694, 145.00843142
-37.97354694, 145.01977915
-37.97354694, 145.03112688
-37.97354694, 145.04247462
-37.97354694, 145.05382235
-37.97354694, 145.06517008
-37.97354694, 145.07651781
-37.97354694, 145.08786554
-37.97354694, 145.09921327
-37.97354694, 145.11056101
-37.97354694, 145.12190874
-37.97354694, 145.13325647
-37.97354694, 145.1446042
-37.97354694, 145.15595193
-37.97354694, 145.16729966
-37.97354694, 145.17864739
-37.97354694, 145.18999513
-37.97354694, 145.20134286
-37.97354694, 145.21269059
-37.97354694, 145.22403832
-37.97354694, 145.23538605
-37.97354694, 145.24673378
-37.97354694, 145.25808151
-37.97354694, 145.26942925
-37.97354694, 145.28077698
-37.97354694, 145.29212471
-37.97354694, 145.30347244
-37.97989896, 144.730412
-37.97989896, 144.74175973
-37.97989896, 144.75310746
-37.97989896, 144.76445519
-37.97989896, 144.77580293
-37.97989896, 144.78715066
-37.97989896, 144.79849839
-37.97989896, 144.80984612
-37.97989896, 144.82119385
-37.97989896, 144.83254158
-37.97989896, 144.84388931
-37.97989896, 144.85523705
-37.97989896, 144.86658478
-37.97989896, 144.87793251
-37.97989896, 144.88928024
-37.97989896, 144.90062797
-37.97989896, 144.9119757
-37.97989896, 144.92332344
-37.97989896, 144.93467117
-37.97989896, 144.9460189
-37.97989896, 144.95736663
-37.97989896, 144.96871436
-37.97989896, 144.98006209
-37.97989896, 144.99140982
-37.97989896, 145.00275756
-37.97989896, 145.01410529
-37.97989896, 145.02545302
-37.97989896, 145.03680075
-37.97989896, 145.04814848
-37.97989896, 145.05949621
-37.97989896, 145.07084394
-37.97989896, 145.08219168
-37.97989896, 145.09353941
-37.97989896, 145.10488714
-37.97989896, 145.11623487
-37.97989896, 145.1275826
-37.97989896, 145.13893033
-37.97989896, 145.15027807
-37.97989896, 145.1616258
-37.97989896, 145.17297353
-37.97989896, 145.18432126
-37.97989896, 145.19566899
-37.97989896, 145.20701672
-37.97989896, 145.21836445
-37.97989896, 145.22971219
-37.97989896, 145.24105992
-37.97989896, 145.25240765
-37.97989896, 145.26375538
-37.97989896, 145.27510311
-37.97989896, 145.28645084
-37.97989896, 145.29779857
-37.98625098, 144.73608587
-37.98625098, 144.7474336
-37.98625098, 144.75878133
-37.98625098, 144.77012906
-37.98625098, 144.78147679
-37.98625098, 144.79282452
-37.98625098, 144.80417225
-37.98625098, 144.81551999
-37.98625098, 144.82686772
-37.98625098, 144.83821545
-37.98625098, 144.84956318
-37.98625098, 144.86091091
-37.98625098, 144.87225864
-37.98625098, 144.88360638
-37.98625098, 144.89495411
-37.98625098, 144.90630184
-37.98625098, 144.91764957
-37.98625098, 144.9289973
-37.98625098, 144.94034503
-37.98625098, 144.95169276
-37.98625098, 144.9630405
-37.98625098, 144.97438823
-37.98625098, 144.98573596
-37.98625098, 144.99708369
-37.98625098, 145.00843142
-37.98625098, 145.01977915
-37.98625098, 145.03112688
-37.98625098, 145.04247462
-37.98625098, 145.05382235
-37.98625098, 145.06517008
-37.98625098, 145.07651781
-37.98625098, 145.08786554
-37.98625098, 145.09921327
-37.98625098, 145.11056101
-37.98625098, 145.12190874
-37.98625098, 145.13325647
-37.98625098, 145.1446042
-37.98625098, 145.15595193
-37.98625098, 145.16729966
-37.98625098, 145.17864739
-37.98625098, 145.18999513
-37.98625098, 145.20134286
-37.98625098, 145.21269059
-37.98625098, 145.22403832
-37.98625098, 145.23538605
-37.98625098, 145.24673378
-37.98625098, 145.25808151
-37.98625098, 145.26942925
-37.98625098, 145.28077698
-37.98625098, 145.29212471
-37.98625098, 145.30347244
-37.992603, 144.730412
-37.992603, 144.74175973
-37.992603, 144.75310746
-37.992603, 144.76445519
-37.992603, 144.77580293
-37.992603, 144.78715066
-37.992603, 144.79849839
-37.992603, 144.80984612
-37.992603, 144.82119385
-37.992603, 144.83254158
-37.992603, 144.84388931
-37.992603, 144.85523705
-37.992603, 144.86658478
-37.992603, 144.87793251
-37.992603, 144.88928024
-37.992603, 144.90062797
-37.992603, 144.9119757
-37.992603, 144.92332344
-37.992603, 144.93467117
-37.992603, 144.9460189
-37.992603, 144.95736663
-37.992603, 144.96871436
-37.992603, 144.98006209
-37.992603, 144.99140982
-37.992603, 145.00275756
-37.992603, 145.01410529
-37.992603, 145.02545302
-37.992603, 145.03680075
-37.992603, 145.04814848
-37.992603, 145.05949621
-37.992603, 145.07084394
-37.992603, 145.08219168
-37.992603, 145.09353941
-37.992603, 145.10488714
-37.992603, 145.11623487
-37.992603, 145.1275826
-37.992603, 145.13893033
-37.992603, 145.15027807
-37.992603, 145.1616258
-37.992603, 145.17297353
-37.992603, 145.18432126
-37.992603, 145.19566899
-37.992603, 145.20701672
-37.992603, 145.21836445
-37.992603, 145.22971219
-37.992603, 145.24105992
-37.992603, 145.25240765
-37.992603, 145.26375538
-37.992603, 145.27510311
-37.992603, 145.28645084
-37.992603, 145.29779857
-37.99895502, 144.73608587
-37.99895502, 144.7474336
-37.99895502, 144.75878133
-37.99895502, 144.77012906
-37.99895502, 144.78147679
-37.99895502, 144.79282452
-37.99895502, 144.80417225
-37.99895502, 144.81551999
-37.99895502, 144.82686772
-37.99895502, 144.83821545
-37.99895502, 144.84956318
-37.99895502, 144.86091091
-37.99895502, 144.87225864
-37.99895502, 144.88360638
-37.99895502, 144.89495411
-37.99895502, 144.90630184
-37.99895502, 144.91764957
-37.99895502, 144.9289973
-37.99895502, 144.94034503
-37.99895502, 144.95169276
-37.99895502, 144.9630405
-37.99895502, 144.97438823
-37.99895502, 144.98573596
-37.99895502, 144.99708369
-37.99895502, 145.00843142
-37.99895502, 145.01977915
-37.99895502, 145.03112688
-37.99895502, 145.04247462
-37.99895502, 145.05382235
-37.99895502, 145.06517008
-37.99895502, 145.07651781
-37.99895502, 145.08786554
-37.99895502, 145.09921327
-37.99895502, 145.11056101
-37.99895502, 145.12190874
-37.99895502, 145.13325647
-37.99895502, 145.1446042
-37.99895502, 145.15595193
-37.99895502, 145.16729966
-37.99895502, 145.17864739
-37.99895502, 145.18999513
-37.99895502, 145.20134286
-37.99895502, 145.21269059
-37.99895502, 145.22403832
-37.99895502, 145.23538605
-37.99895502, 145.24673378
-37.99895502, 145.25808151
-37.99895502, 145.26942925
-37.99895502, 145.28077698
-37.99895502, 145.29212471
-37.99895502, 145.30347244
-38.00530704, 144.730412
-38.00530704, 144.74175973
-38.00530704, 144.75310746
-38.00530704, 144.76445519
-38.00530704, 144.77580293
-38.00530704, 144.78715066
-38.00530704, 144.79849839
-38.00530704, 144.80984612
-38.00530704, 144.82119385
-38.00530704, 144.83254158
-38.00530704, 144.84388931
-38.00530704, 144.85523705
-38.00530704, 144.86658478
-38.00530704, 144.87793251
-38.00530704, 144.88928024
-38.00530704, 144.90062797
-38.00530704, 144.9119757
-38.00530704, 144.92332344
-38.00530704, 144.93467117
-38.00530704, 144.9460189
-38.00530704, 144.95736663
-38.00530704, 144.96871436
-38.00530704, 144.98006209
-38.00530704, 144.99140982
-38.00530704, 145.00275756
-38.00530704, 145.01410529
-38.00530704, 145.02545302
-38.00530704, 145.03680075
-38.00530704, 145.04814848
-38.00530704, 145.05949621
-38.00530704, 145.07084394
-38.00530704, 145.08219168
-38.00530704, 145.09353941
-38.00530704, 145.10488714
-38.00530704, 145.11623487
-38.00530704, 145.1275826
-38.00530704, 145.13893033
-38.00530704, 145.15027807
-38.00530704, 145.1616258
-38.00530704, 145.17297353
-38.00530704, 145.18432126
-38.00530704, 145.19566899
-38.00530704, 145.20701672
-38.00530704, 145.21836445
-38.00530704, 145.22971219
-38.00530704, 145.24105992
-38.00530704, 145.25240765
-38.00530704, 145.26375538
-38.00530704, 145.27510311
-38.00530704, 145.28645084
-38.00530704, 145.29779857
-38.01165906, 144.73608587
-38.01165906, 144.7474336
-38.01165906, 144.75878133
-38.01165906, 144.77012906
-38.01165906, 144.78147679
-38.01165906, 144.79282452
-38.01165906, 144.80417225
-38.01165906, 144.81551999
-38.01165906, 144.82686772
-38.01165906, 144.83821545
-38.01165906, 144.84956318
-38.01165906, 144.86091091
-38.01165906, 144.87225864
-38.01165906, 144.88360638
-38.01165906, 144.89495411
-38.01165906, 144.90630184
-38.01165906, 144.91764957
-38.01165906, 144.9289973
-38.01165906, 144.94034503
-38.01165906, 144.95169276
-38.01165906, 144.9630405
-38.01165906, 144.97438823
-38.01165906, 144.98573596
-38.01165906, 144.99708369
-38.01165906, 145.00843142
-38.01165906, 145.01977915
-38.01165906, 145.03112688
-38.01165906, 145.04247462
-38.01165906, 145.05382235
-38.01165906, 145.06517008
-38.01165906, 145.07651781
-38.01165906, 145.08786554
-38.01165906, 145.09921327
-38.01165906, 145.11056101
-38.01165906, 145.12190874
-38.01165906, 145.13325647
-38.01165906, 145.1446042
-38.01165906, 145.15595193
-38.01165906, 145.16729966
-38.01165906, 145.17864739
-38.01165906, 145.18999513
-38.01165906, 145.20134286
-38.01165906, 145.21269059
-38.01165906, 145.22403832
-38.01165906, 145.23538605
-38.01165906, 145.24673378
-38.01165906, 145.25808151
-38.01165906, 145.26942925
-38.01165906, 145.28077698
-38.01165906, 145.29212471
-38.01165906, 145.30347244
-38.01801108, 144.730412
-38.01801108, 144.74175973
-38.01801108, 144.75310746
-38.01801108, 144.76445519
-38.01801108, 144.77580293
-38.01801108, 144.78715066
-38.01801108, 144.79849839
-38.01801108, 144.80984612
-38.01801108, 144.82119385
-38.01801108, 144.83254158
-38.01801108, 144.84388931
-38.01801108, 144.85523705
-38.01801108, 144.86658478
-38.01801108, 144.87793251
-38.01801108, 144.88928024
-38.01801108, 144.90062797
-38.01801108, 144.9119757
-38.01801108, 144.92332344
-38.01801108, 144.93467117
-38.01801108, 144.9460189
-38.01801108, 144.95736663
-38.01801108, 144.96871436
-38.01801108, 144.98006209
-38.01801108, 144.99140982
-38.01801108, 145.00275756
-38.01801108, 145.01410529
-38.01801108, 145.02545302
-38.01801108, 145.03680075
-38.01801108, 145.04814848
-38.01801108, 145.05949621
-38.01801108, 145.07084394
-38.01801108, 145.08219168
-38.01801108, 145.09353941
-38.01801108, 145.10488714
-38.01801108, 145.11623487
-38.01801108, 145.1275826
-38.01801108, 145.13893033
-38.01801108, 145.15027807
-38.01801108, 145.1616258
-38.01801108, 145.17297353
-38.01801108, 145.18432126
-38.01801108, 145.19566899
-38.01801108, 145.20701672
-38.01801108, 145.21836445
-38.01801108, 145.22971219
-38.01801108, 145.24105992
-38.01801108, 145.25240765
-38.01801108, 145.26375538
-38.01801108, 145.27510311
-38.01801108, 145.28645084
-38.01801108, 145.29779857
